survey-d.dynata.com,3894
yahoo.com,3547
sw.ktrmr.com,3308
surveys.globaltestmarket.com,3281
instagram.com,2959
google.com,2438
finance.yahoo.com,2392
dkr1.ssisurveys.com,2105
samplicio.us,2017
selfserve.decipherinc.com,1933
inboxdollars.com,1894
lifepointspanel.com,1708
calendar.google.com,1650
survey.us.confirmit.com,1585
webtraffic.datacollectionsite.com,1568
survey.researchresults.com,1559
duckduckgo.com,1373
panelistsurvey.com,1315
ebay.com,1234
winchesterstar.com,1215
youtube.com,1129
iq-dist-2.com,1073
mail.aol.com,1071
triviatoday.com,1058
aol.com,996
draftkings.com,971
mail.yahoo.com,958
fanduel.com,867
online.ssisurveys.com,790
surveys.harrisinsights.com,756
247sports.com,751
amazon.com,733
sz.ktrmr.com,689
reddit.com,678
api.inboxdollars.com,659
s.cint.com,646
harrisx.decipherinc.com,623
atlanticunionbanksecure.com,611
roirocket.decipherinc.com,578
websurvey5.opinionbar.com,567
politico.com,564
bwi.rivals.com,555
survey.opinion.life,543
virginia.hibid.com,542
e-rewards.com,535
surveys.ipsosinteractive.com,528
onlineservices.ubs.com,523
ipsospollpredictor2.com,513
insightexpress.com,507
luthresearch.decipherinc.com,506
researchsurv.com,494
invite.rmrsurveys.com,473
fd9643.customervoice360.com,470
news.yahoo.com,469
usatoday.com,454
ia5.irrationalagency.com,445
cmb.decipherinc.com,437
facebook.com,435
survey7.jdpoweronline.com,419
opinionresearch.decipherinc.com,413
s1.intellisurvey.com,411
survey.iriworldwide.com,408
m1.intellisurvey.com,401
s-dri.com,400
mail.google.com,397
coinworld.com,384
survey.cmix.com,380
surveymyopinion.researchnow.com,366
www601w.msisurvey.com,358
tes.decipherinc.com,357
csurvey.voicefive.com,353
web70.gfk.com,349
surveys.jibunu.com,337
ps.opinionetwork.com,328
surveygizmo.com,327
c.opinionetwork.com,326
survey.alchemer.com,318
globalsurveys.mintel.com,312
xhamster.com,309
playfree.fanduel.com,302
marconline.com,292
investorforum.cspace.com,274
findagrave.com,271
leger.decipherinc.com,268
auctionzip.com,262
opinionsresearch.com,255
enter.ipsosinteractive.com,255
survey-ca.dynata.com,254
survey.surveytestlink.com,254
surveyw.enginesurveys.com,243
your-surveys.com,234
r3p01.netcrimson.com,233
www.dmv.virginia.gov,218
ncponline.com,213
na.surveys.nielsen.com,201
survey-uk.dynata.com,197
www.us1.mytelecomsurvey.com,194
perksplus.com,192
mybeveragesurvey.com,190
linkedin.com,186
productreportcard.com,184
survey.vipvoice.com,183
ilabinsight.com,180
router.cint.com,179
surveys.sample-cube.com,175
spectrumsurveys.com,174
beasurveytaker.com,171
secure3.surveynetwork.com,168
survey12.decisionvelocity.com,158
finchsight.my-take.com,154
theshoppersnest.com,151
zillow.com,148
lowes.com,148
cpaibbcbodhimfnjnakiidgbpiehfgci.,147
pt.surveysavvy.com,146
hibid.com,142
applebees.com,142
catalog.usmint.gov,142
opinion.gazelleglobal.com,140
chckrwd2020c.sawtoothsoftware.com,140
ccfresearch.survoxinc.com,139
p10-ssc5.shoppersurvey.com,139
viewpointforum.com,139
survey.trinitymcqueen.com,138
atlanticunionbank.com,137
servicing.rocketmortgage.com,133
ubs.com,131
newtownauctiongallery.hibid.com,129
skylinecoins.com,128
s4.intellisurvey.com,127
thriftypig.com,124
giftster.com,123
qps.cint.com,123
imdb.com,122
murphyresearch.decipherinc.com,121
survey.statista-research.com,119
data-collector.zappi.io,117
mingle.respondi.com,115
search.yahoo.com,110
survey.bz,109
s.gongos.com,104
mcg.decipherinc.com,104
compassrosesurveys.com,104
bing.com,103
adserver.inboxdollars.com,102
virginia-b.hibid.com,101
xvideos.com,101
surveys.datassential.com,101
survey.amerispeak.org,98
candrresearch.decipherinc.com,96
benefeds.com,95
onlinebanking.mtb.com,91
surveymonkey.com,90
vt.lightspeedvt.com,90
twitterinsiders.io,90
try3steps.com,88
origination.rocketmortgage.com,86
singapore.decipherinc.com,84
familysearch.org,83
homeadvisor.com,83
paypal.com,82
comcast.decipherinc.com,81
order.subway.com,81
ancestry.com,80
bwi.forums.rivals.com,80
kelton.decipherinc.com,78
applevalleyanimalhospital.vetsfirstchoice.com,77
edgesurvey.innovatemr.net,75
surveys.prsrvy.com,75
s.opinionetwork.com,75
bestbuy.com,74
csurvey.securestudies.com,73
run.shoppermx.com,73
survey.thedrg.com,71
surveys2.sentientdecisionscience.com,70
websurvey2.opinionbar.com,70
survey11.decisionvelocity.com,70
poll.rsmarketingresearch.com,69
eu3.intellisurvey.com,69
social.i-say.com,68
surveys.lifepointspanel.com,66
att.wirelessinternet.,66
tmd.sawtoothsoftware.com,66
thefinancialcollective.customervoice360.com,66
att.com,66
survey-d.researchnow.com,65
opm.gov,65
surveys.propellerinsights.com,64
survey7s4.affinnova.com,64
s.morpace.com,64
www1.surveys.gfk.com,63
augusttrack1.sawtoothsoftware.com,63
survey.viewpointforum.com,63
uk.focusvision.com,62
e.opinionetwork.com,61
surveys.paradigmsample.com,61
espn.com,61
surveys.marconline.com,60
survey.confirmit.com,60
us1se.voxco.com,60
esurveys.decipherinc.com,59
foxnews.com,58
survey038.sawtoothsoftware.com,57
ca.decipherinc.com,56
en.wikipedia.org,55
surveys.insightexpressai.com,55
surveys.cixos2.com,55
aiocs.com,53
my-digitallife.att.com,52
survey.metrixmatrix.com,51
research.amcsurveys.com,50
accounts.google.com,49
ns205.askia.com,49
match.angieslist.com,49
fe20.sawtoothsoftware.com,48
sports.yahoo.com,48
myaccount.google.com,47
europro.my-take.com,47
amp.ipsosinteractive.com,47
marketingresearchresources.com,47
rocketaccount.com,46
web.norstatsurveys.com,46
hashauctions.hibid.com,46
.,46
srvprod7.cx-review.com,46
broker.olr.com,45
questionpro.com,44
staxsurveys.com,44
worldlifestyle.com,44
survey7.burke.com,44
schlesinger.focusvision.com,44
gutcheck.decipherinc.com,44
surveyst.cicerogroup.com,43
surveys.getwizer.com,43
brandinvitation.com,43
ksrsurveyresearch.com,42
retireefehb.opm.gov,42
ameritest.decipherinc.com,41
pay.ebay.com,40
survey3.sendyouropinions.com,40
survey.mktginc.com,39
childrensplace.com,39
190q2wirelessp1.sawtoothsoftware.com,38
olivegarden.com,37
pornhub.com,37
jdpoweronline.com,37
survey.euro.confirmit.com,37
savvymoney.com,36
paypal.syf.com,36
fctaxes.co.frederick.va.us,36
online2.statefarm.com,35
survey.provokeinsights.com,35
play.hbomax.com,35
sss.stratalys.com,34
redlobster.com,34
efeles.com,34
credible.com,33
rapidsubtext.sentientdecisionscience.com,33
research.net,33
survey.anovum.pro,33
surveys.accelerantresearch.com,33
pgatour.com,33
davescollectiblecoins.com,33
survey22.toluna.com,32
answerclicks.com,32
definition.org,32
play.linkrd.com,32
chipotle.com,32
dig.paradigmsample.com,31
nypost.com,31
twitter.com,31
cbssports.com,31
ipn2.paymentus.com,30
nrc.decipherinc.com,30
michigan.rivals.com,29
iqsn.de,29
usauctionbrokers.com,29
daisurvey.com,29
mortkunstler.com,28
fepblue.org,28
surveysavvy.supplyoptimizer.com,28
emea.focusvision.com,28
surveyplus.com,28
apmex.com,28
oidc.idp.clogin.att.com,27
invest.ameritrade.com,27
modernwebsurveys.com,27
r3p02.netcrimson.com,27
surveyw.orcinternational.com,26
is.surveyentrance.com,26
dashboard.rocketmortgage.com,26
computermobilepanel.nielsen.com,26
ei.decipherinc.com,26
atlanticuniondebitrewards.com,25
surveys.rtiresearch.com,25
hub.decipherinc.com,25
smscrqs.lifepointspanel.com,25
fp.surveys.datassential.com,25
survey18.toluna.com,25
survey.emi-rs.com,25
omscr.sawtoothsoftware.com,24
surveys.com,24
surveys.angusreidforum.com,24
udemy.com,24
toyotafinancial.com,23
rdswebsurveys.com,23
signin.att.com,23
fheoggkfdfchfphceeifdbepaooicaho.,23
mobileinsiderscommunity.customervoice360.com,22
interceptsurveys.com,22
target.com,22
worldwinner.com,22
insitesemea.decipherinc.com,22
statefarm.com,22
coned.com,22
onlinepromosusa.com,21
thebowl.questionpro.com,21
premieragent.zillow.com,21
dashboard.m1finance.com,21
ys.cint.com,21
dec1survey.sawtoothsoftware.com,21
opgny.com,21
s2.userzoom.com,20
sensorpro.epsilon.com,20
edgeapi.innovatemr.net,20
player.siriusxm.com,20
redrobin.com,20
flavor.surveys.datassential.com,20
newsmax.com,20
investorforum.org.uk,20
stage.morpace.com,19
gate.synapbox.com,19
ushoofop.com,19
vipvoice.com,19
surveys.wineintelligence.com,18
smx20.sawtoothsoftware.com,18
pngguru.com,18
dataandsons.com,18
net-research.com,18
tickets.thepga.com,18
blackhatworld.com,18
custserv.fepblue.org,18
tdameritrade.com,18
nationalfamily.com,17
virginia-s.hibid.com,17
surveys.market-cube.com,17
lifepoints.zendesk.com,17
www-s.hibid.com,17
vadmvappointments.as.me,17
wheeloffortune.com,16
mcd.sawtoothsoftware.com,16
s-21.onesurvey.com,16
msisurvey.com,16
ogtogosurvey.com,16
explore.simpli.com,16
eu2.intellisurvey.com,16
survey14s7.affinnova.com,16
thepennyhoarder.com,16
surveyentrance.com,16
businessinsider.com,16
bravotv.com,15
survey.mdiresearch.com,15
survey.gmisurveys.com,15
cdn.mercurymagazines.com,15
walmart.com,15
event.on24.com,15
undorm.com,15
surveys.homescan.com,15
nytimes.com,15
thehomeconnectioncommunity.customervoice360.com,15
stash.com,15
explore.reference.com,15
savvy.insure,15
roarlionsroar.com,15
governmentjobs.com,15
globalsurveys.nielsen.com,15
innovationsurveys2.nielsenplatform.com,15
fool.com,15
twitch.tv,14
cart.ebay.com,14
elancorebates.com,14
ussurvey.msimsi.com,14
logicdepot.com,14
audible.com,14
globalinsights.decipherinc.com,14
coinmarketcap.com,14
bcbsfepdental.com,14
airbnb.com,14
therepublic.com,14
order.redrobin.com,14
mss21.sawtoothsoftware.com,14
activate.hbomax.com,14
secure.ssa.gov,14
marketwatch.com,13
skillshare.com,13
nextdoor.com,13
ident.familysearch.org,13
goodrx.com,13
curiositywell.com,13
sharkclean.com,13
surveysandpromoonline.com,13
glg.decipherinc.com,13
efs-survey.com,13
anthem.com,12
am.ticketmaster.com,12
hertzcareers.com,12
www2.flowersurveys.com,12
maternityweek.com,12
trivia.net,12
yellowpages.com,12
naxionsurvey.com,12
federalreserve.gov,12
binance.us,12
themillennialmirror.com,12
www.servicesonline.opm.gov,12
fold3.com,12
apple.com,12
starz.com,12
illinois.rivals.com,12
thinktankpanel.com,12
interceptsurveys.net,12
ridgewayclocks.com,12
surveys.invoke.com,12
dotdata.nl,11
fordham.edu,11
ikunselt.com,11
survey.rigourresearch.co.uk,11
survey9s8.affinnova.com,11
inman.com,11
auth.myidcare.com,11
id.subway.com,11
pennlive.com,11
dsc17835.sawtoothsoftware.com,11
cmps.sawtoothsoftware.com,11
survey.alchemer.eu,11
littlecaesars.com,11
survey.logitgroup.com,11
169.63.105.18.,11
financials.statefarm.com,11
barrons.com,11
alligator.focusvision.com,11
accounts.binance.us,11
ups.surveyrouter.com,11
ipsoshic.com,11
sportpirate.com,10
survey-ca.researchnow.com,10
usdresweb2.ipsosinteractive.com,10
aviation-safety.net,10
your-opinions-count.com,10
fcva.us,10
rtymgt.com,10
subway.com,10
newarena.com,10
amomedia.com,10
x1.intellisurvey.com,10
adgsurveys.com,10
chrome.google.com,10
events.trustevent.com,10
insta-downloader.net,10
webservices.lightspeedvt.net,10
usmint.gov,10
strategicpawstraining.com,10
www3.mtb.com,10
cdn.benefeds.com,10
valleytraderpaper.com,10
auth.tdameritrade.com,10
interviewingap-l1.nfieldmr.com,10
survey.sentientexpression.com,10
caiteesh.net,10
standardnews.com,10
fepblue.webmdhealth.com,9
dimensions4.mercuryanalytics.com,9
app.samplecounts.com,9
hub.claims.statefarm.com,9
fantasypros.com,9
secure.insightexpressai.com,9
golfnow.com,9
survey7s5.affinnova.com,9
msi-aci.com,9
survey6s4.affinnova.com,9
viaappliance.com,9
unc.az1.qualtrics.com,9
shop2.arborday.org,9
www9.0123movies.com,9
triviamemo.com,9
survey14s3.affinnova.com,9
thedelite.com,9
4jacksandajill.co.za,9
thenewstreams.com,9
auth.hbogo.com,9
account.t-mobile.com,9
secure.questdiagnostics.com,9
surveys.askia.com,9
interviews.vivaxis.com,8
cixos2.com,8
portal.myweblogon.com,8
pastfactory.com,8
chilis.com,8
homechef.com,8
store.allensinc.com,8
citiretailservices.citibankonline.com,8
uber.com,8
www.decaturcounty.in.gov,8
genos2020ar.sawtoothsoftware.com,8
bbb.org,8
brandscape.sawtoothsoftware.com,8
directv.com,8
help.inboxdollars.com,8
secure.aspca.org,8
survey.everyonesez.com,8
britannica.com,8
publish.buffer.com,8
hulu.com,8
bonningassociates.firebaseapp.com,8
drivenevent.com,8
surveys.savanta.com,8
secure.identityguard.com,8
kbb.com,8
secure.bankofamerica.com,8
varomoney.com,8
survey.dbireport.com,8
ticketmaster.com,8
apps.statefarm.com,8
incontext.decipherinc.com,8
discountordershop.com,8
tsp.gov,8
rocketmortgage.com,7
att-hbomax.idp.clogin.att.com,7
football.fantasysports.yahoo.com,7
7thsr.co1.qualtrics.com,7
creditsesame.com,7
mapquest.com,7
s.oneopinion.com,7
nbcsports.com,7
proofing.statefarm.com,7
icloud.com,7
mcd2.sawtoothsoftware.com,7
usqprop.com,7
survey.orcinternational.com,7
therealdeal.com,7
www1.nyc.gov,7
opm.myidcare.com,7
chime.com,7
surveylookup.vipvoice.com,7
fedex.com,7
surveytool.de,7
zoaheeth.com,7
watermelonsurveys.com,7
kiawahresort.com,7
m.att.com,7
madison.com,7
signin.ebay.com,7
wpi2020.sawtoothsoftware.com,7
colleges.educationgrant.com,7
trade.thinkorswim.com,7
g4-us.yougov.com,7
www.worldcampus.psu.edu,7
masters.com,7
20189dh.sawtoothsoftware.com,7
onlinesurvey.co.kr,7
dafont.com,7
orderfood.google.com,7
topflownews.com,7
primesport.com,7
burkeinc.decipherinc.com,7
shopbybravo.com,7
az.sawtoothsoftware.com,6
www.collegian.psu.edu,6
tickets.masters.com,6
billing.questdiagnostics.com,6
survey.enginesurveys.com,6
sso.fepblue.org,6
centredaily.com,6
careers.leidos.com,6
i-say.com,6
connect.finicity.com,6
bcbsfepvision.com,6
cnbc.com,6
streeteasy.com,6
provider.fepblue.org,6
panel2181.na2.panelpulse.com,6
collyshr.com,6
libertymutual.com,6
hbomax.com,6
putlocker9.ru,6
wh.snapsurveys.com,6
buffer.com,6
clearvoicesurveys.com,6
survey2.eqr1.com,6
feedback.opm.gov,6
surveygizmo.eu,6
faa.gov,6
netflix.com,6
survey-au.dynata.com,6
poprewards.net,6
inmoment.com,6
fedsmith.com,6
bmwchampionshipusa.com,6
surveys.researchbods.com,6
authnodes.rocketaccount.com,6
valued-opinions.com,6
aspiration.com,6
openspeedtest.com,6
acj20.sawtoothsoftware.com,6
eu5se.voxco.com,6
weather.com,6
survey6.maritz.com,6
survey2.simpleopinions.com,6
psycho-tests.com,5
prsrvy.com,5
appext20.dos.ny.gov,5
icion.decisionanalyst.com,5
arcadia.com,5
idtheftprotection.mcafee.com,5
egift.activationspot.com,5
ricki.home-trends-q4-2020.sgizmo.com,5
login.awardcenter.com,5
pgachampionship.com,5
hellofresh.com,5
vividseats.com,5
signup.acorns.com,5
brightcellars.com,5
acorns.com,5
microsoft.com,5
surveys.qsext.com,5
studies.bms-net.de,5
quickenloans.com,5
creativebug.com,5
mygiftcardsplus.com,5
simstore.ipsos.com,5
foundation.usga.org,5
secure1.store.apple.com,5
survey.bostonrt.com,5
itrafficcenter.com,5
vcdelivery.com,5
netspend.com,5
wealthygorilla.com,5
app.navigatorsurveys.com,5
s2.qmrweb.com,5
mcdonalds.com,5
bankofamerica.com,5
markets.businessinsider.com,5
info.aarp.org,5
zampparticipant.zamplia.com,5
chase.com,5
my.t-mobile.com,5
wtfacts.net,5
survey.brakethroughresearch.com,5
surveysavvy.com,5
money.yahoo.com,5
gearbest.com,5
login.buffer.com,5
amr11342.sawtoothsoftware.com,5
pay.subway.com,5
dailymotion.com,5
nestiolistings.com,5
careers-pngaming.icims.com,5
greenlightcard.com,5
wildlifewonders.com,5
na2se.voxco.com,5
study.lumen-research.com,5
opinions.davisresearch.com,5
mesg.ebay.com,5
survey5.cobalt-sky.com,5
portal.groupcaliber.com,5
tlg.decipherinc.com,5
yelp.com,5
homefashtly.net,5
realtor.com,5
login.yahoo.com,5
soundcloud.com,5
linecity.com,5
my.preferencelab.com,5
us02web.zoom.us,5
ca.surveygizmo.com,5
schewels.com,5
moderncoinmart.com,4
offer.ebay.com,4
www.sellvrfn.ebay.com,4
frederickblock.com,4
macys.com,4
matburn.com,4
pgatour.cbssports.com,4
morningconsult.az1.qualtrics.com,4
winceyes.com,4
fontmeme.com,4
status.claims.statefarm.com,4
yonder.online-host.solutions,4
isasi.org,4
smartconnectresearch.nebu.com,4
msn.com,4
goldenheartsbingo.com,4
surveys.eliteopinio.com,4
lockhaven.com,4
eyeonelections.com,4
purdue.rivals.com,4
locations.arbys.com,4
sallysbakingaddiction.com,4
golfweek.usatoday.com,4
surveys.boltsurveys.com,4
hotpoptoday.com,4
usnr-hertz2.icims.com,4
spanishdict.com,4
thestarpress.com,4
narratively.com,4
research.roirocket.com,4
goupstate.com,4
mpparticipant.logitgroup.com,4
acmd.sawtoothsoftware.com,4
restaurant.com,4
cart.payments.ebay.com,4
crt.livejasmin.com,4
tel.mu-iq.com,4
results.elections.virginia.gov,4
oss.ticketmaster.com,4
fedsearch.org,4
gopsusports.com,4
crentexgate.com,4
book.homeadvisor.com,4
cook.blueapron.com,4
staitchu.com,4
tiktok.com,4
opinions.research-interactive.com,4
lego.com,4
tracking.productreportcard.com,4
foxbusiness.com,4
cleancult.com,4
broker.mc.maruhub.com,4
washingtonpost.com,4
paramount.com,4
disneyplus.com,4
courierpress.com,4
s3.netcrimson.com.s3.amazonaws.com,4
www.cignasurveys.vovici.net,4
drivenacademy.lightspeedvt.com,4
surveys-online.surveytaking.com,4
jconline.com,4
support.google.com,4
current.com,4
adobe.com,4
hearinghub.my-take.com,4
na2.docusign.net,4
samplicity.wisesample.com,4
7a1d66a.optimalworkshop.com,4
tdameritradenetwork.com,3
licensee.io,3
pennstate.qualtrics.com,3
smarter.com,3
michigan.forums.rivals.com,3
survey.medallia.com,3
meritushealth.com,3
deadline.com,3
legalzoom.com,3
viatepigan.com,3
sweepstakesrush.com,3
hoosiersportsreport.com,3
attreg.att.net,3
reckner.decipherinc.com,3
us.onesurvey.com,3
stltoday.com,3
booking.kiawahresort.com,3
forever.fordham.edu,3
answers.com,3
whitepages.com,3
gethuman.com,3
tomahawkshades.com,3
signup.hulu.com,3
lifepoints.typeform.com,3
furnishedhousing.com,3
rdssurveys.com,3
zillow.zendesk.com,3
calendars.com,3
blueapron.com,3
news3lv.com,3
allensinc.com,3
dcxsab.blob.core.windows.net,3
uantwerpen.eu.qualtrics.com,3
nydailynews.com,3
bloakesresearch.nl,3
opinionetwork.com,3
m.facebook.com,3
forbes.com,3
edmunds.com,3
lectinblocker.com,3
jackson.com,3
drive.google.com,3
secure07b.chase.com,3
trademarkelite.com,3
rnau.decipherinc.com,3
enroll.ehealthmedicare.com,3
applebees.olo.com,3
ipsossurveyexperiment.com,3
browser-hub.eye-square.com,3
groovyhistory.com,3
t-mobile.com,3
sunbasket.com,3
beta.sam.gov,3
siriusxm.com,3
lowes.cashstar.com,3
rd.com,3
m1finance.com,3
doordash.com,3
checkout.aarp.org,3
cawi.ljs.com,3
smartphoneperformancesettlement.com,3
axs.com,3
renderkidunya.blogspot.com,3
hornerclockservices.com,3
pennstatewrestlingclub.org,3
stocktwits.com,3
about.restaurant.com,3
amosadvantage.com,3
vacuum.factoryoutletstore.com,3
ezvacuum.com,3
survey.admemes.com,3
180.151.30.67.,3
poggisanimalhouse.com,3
survey.saysoforgood.com,3
insider.com,3
answers.org,3
discprofile.com,3
2.bp.blogspot.com,3
peoople.app,3
playerspass.com,3
pay.myservicetitan.com,3
frankenmuthclock.com,3
pfd.prd1.digitalinsight.com,3
costco.com,3
zampterminate.zamplia.com,3
psychologytoday.com,3
collider.com,3
usga.org,3
cfa.my-take.com,3
support.usga.org,3
postfun.com,3
wildalaskancompany.com,3
marinosettlement.com,3
livetocreate-my.sharepoint.com,2
statesymbolsusa.org,2
ubereats.com,2
start.ro.co,2
getroman.com,2
account.centredaily.com,2
olr.com,2
shop.anthem.com,2
scontent.cdninstagram.com,2
rutgers.ca1.qualtrics.com,2
blacklivesmatters.carrd.co,2
taxes.co.frederick.va.us,2
hollywoodcasinocharlestown.com,2
fetcharate.com,2
brickandbarter.com,2
us.bolavip.com,2
lowes.syf.com,2
visitorsatisfaction.com,2
courier-journal.com,2
thepirate-bay.org,2
onwardstate.com,2
herald-review.com,2
pirate-bay.net,2
usopen.com,2
adventureacademy.com,2
picclick.com,2
hero-wars.com,2
freep.com,2
www1.securifynow.com,2
csurvey.opinionsquare.com,2
itsmycareer.com,2
kiplinger.com,2
historyanswers.co.uk,2
jmbullion.com,2
robas.dubinterviewer.com,2
eyesee-test.com,2
reg.ebay.com,2
pub.s1.exacttarget.com,2
view.emails.arbys.com,2
owler.com,2
historydaily.org,2
buyorsellobxhomes.com,2
idsdec.net,2
savethevideo.com,2
gettyimages.co.nz,2
mpterminate.logitgroup.com,2
blog.easybreathe.com,2
nj.com,2
webfarm.ktrmr.com,2
run.conjoint.ly,2
thesaurus.net,2
central.proxyvote.com,2
smarttonyclub.com,2
psychiatrictimes.com,2
natividaddelosmares.me,2
chartmill.com,2
ssa.gov,2
washingtonexec.com,2
iuhoosiers.com,2
surveymonkey.co.uk,2
etonline.com,2
depaul.qualtrics.com,2
endlinks.researchnow.com,2
ohiostate.rivals.com,2
thedailybeast.com,2
thefreedomarticles.com,2
survey.savanta.com,2
content.lumen-research.com,2
sso.accounts.dowjones.com,2
shp.csharmony.epsilon.com,2
customercenter.wsj.com,2
act.sierraclub.org,2
swagbucks.com,2
wdrb.com,2
quora.com,2
ondayshops.com,2
jdccckgodmdbhiciggdfmlfbeemjehji.,2
ca.answers.yahoo.com,2
surveys.irbureau.com,2
survey.iad1.qualtrics.com,2
petersmktg.com,2
surveyanalytics.com,2
ncaa.com,2
nbc.com,2
alspearowa.com,2
bringyouhome.org,2
urbandictionary.com,2
healthtruthfinder.com,2
vsco.co,2
malloytoyota.com,2
valleyvisioncenter.net,2
seeclear.com,2
usmagazine.com,2
svm.wgiftcard.com,2
specials.restaurant.com,2
m.twitch.tv,2
order.moes.com,2
unreshiramor.com,2
sapling.com,2
gutcleanseprotocol.com,2
iowa.rivals.com,2
musiceels.info,2
theproteinparadox.com,2
ncp.com,2
investors.com,2
on24static.akamaized.net,2
buccaneers.com,2
newspapers.com,2
es.thefreedictionary.com,2
medium.com,2
efile.com,2
tspfolio.com,2
reviewjournal.com,2
pagesix.com,2
allrecipes.com,2
cprodx.att.com,2
mypcgamestorrents.com,2
lsvtlogin.lightspeedvt.com,2
open.spotify.com,2
scorecardrewards.com,2
app.smartsheet.com,2
survey.vovici.com,2
a.curiositywell.com,2
upromise.com,2
usnews.com,2
corcoran.com,2
s3.amazonaws.com,2
idsnews.com,2
lnks.gd,2
time.com,2
earny.co,2
quickenloans.idomoo.com,2
us.readly.com,2
today.com,2
wilsonsasphalt.com,2
cheatsheet.com,2
thebloom.com,2
greenchef.com,2
opinioninn.com,2
hashauctions.com,2
customer.ngcecodes.com,2
tools.usps.com,2
3.bp.blogspot.com,2
jstor.org,2
discord.com,2
hqbuff.com,2
secure.aarp.org,2
themenlohouse.com,2
account.sportsbook.fanduel.com,2
spanishcentral.com,1
naijadown.com,1
willowsoul.com,1
merriam-webster.com,1
media.townhall.com,1
pegasusequities.com,1
latimes.com,1
sheetmusic-free.com,1
images-wixmp-ed30a86b8c4ca887773594c2.wixmp.com,1
faithfulpeopleofthesantisima.wordpress.com,1
nzherald.co.nz,1
linktr.ee,1
upload.wikimedia.org,1
investopedia.com,1
reimageplusminus.me,1
talk.collegeconfidential.com,1
thehill.com,1
fordhamram.com,1
imgs.6sqft.com,1
rawstory.com,1
chaturbate.com,1
ndcileolkflehcjpmjnfbnaibdcgglog.,1
dailystormer.name,1
cryptalker.com,1
wemystic.com,1
corazones.org,1
wikipedia.org,1
assets.donaldjtrump.com,1
freetorrent9.com,1
1001freefonts.com,1
eresearch.fidelity.com,1
weeklyworldnews.com,1
endowments.com,1
graphicdesignfonts.com,1
global.fncstatic.com,1
apnews.com,1
biglink.to,1
hechizos-amarres.net,1
ripple.com,1
bestlifeonline.com,1
meetkevin.teachable.com,1
geekwire.com,1
cdn.0123movies.com,1
psicologiaymente.com,1
warriorforum.com,1
aconsciousrethink.com,1
ting.com,1
metrolyrics.com,1
bizapedia.com,1
riskandresiliencehub.com,1
fi.com,1
nymag.com,1
drivenacademy.com,1
disboard.org,1
ogroup.com,1
samaritansnyc.org,1
news.ycombinator.com,1
goodtherapy.org,1
thefreedictionary.com,1
zeword.com,1
dictionary.com,1
fastcompany.com,1
smallbiztrends.com,1
misterio.tv,1
mismumi.com,1
wordreference.com,1
spanish.yourdictionary.com,1
wordhippo.com,1
crateandbarrel.com,1
verywellmind.com,1
imore.com,1
openbible.info,1
postlnk.com,1
sso-fi.bankofamerica.com,1
businessinsider.com.au,1
billpay-ui.bankofamerica.com,1
secure4.store.apple.com,1
justjared.com,1
eonline.com,1
archive.dyestat.com,1
homes.com,1
apartable.com,1
thelist.com,1
nommeraadio.ee,1
wsj.com,1
a836-acris.nyc.gov,1
bitcoinscashout.com,1
2htsdi4fi5xd3pbt884ar5ur-wpengine.netdna-ssl.com,1
mint.com,1
taskrabbit.com,1
ryanserhant.com,1
oxfordproperties.com,1
truepeoplesearch.com,1
heavy.com,1
washingtontimes.com,1
goodhousekeeping.com,1
linguee.com,1
dictionary.reverso.net,1
elitedaily.com,1
newhomesource.com,1
map-world.us,1
metropolitanpropertygroup.com,1
hauseit.com,1
totalhealthsystems.com,1
filmora.wondershare.net,1
i.redd.it,1
prezi.com,1
rootsoffight.com,1
tax-rates.org,1
mylife.com,1
dallasnews.com,1
l.instagram.com,1
spokeo.com,1
premierepropertygroup.com,1
cdc.gov,1
grantcardone.com,1
portal.311.nyc.gov,1
metroplus.org,1
preview.redd.it,1
evgrieve.com,1
yournextfivemoves.com,1
beatbrokerz.com,1
pilgrim-info.com,1
zergnet.com,1
us.norton.com,1
innerskinresearch.com,1
mit.co1.qualtrics.com,1
wellandgood.com,1
lasvegasadvisor.com,1
answers.yahoo.com,1
offer.amoracoffee.com,1
webull.com,1
ufl.qualtrics.com,1
keepamericagreatcommittee.com,1
lockerdome.com,1
futurefocus.insitessquare.com,1
everythingvacuums.com,1
lsu.qualtrics.com,1
confirmit-images.s3-us-west-1.amazonaws.com,1
social.pr,1
marketsurvey.iad1.qualtrics.com,1
nationalgeographic.com,1
qayrsplit.com,1
art.com,1
etsy.com,1
ac1.st8fm.com,1
startlivingbetter.org,1
cortexeng.ipsosinteractive.com,1
triviagenius.com,1
vanderbilt.forums.rivals.com,1
app.imadresearch.com,1
survey-workflow.cint.com,1
survey.foreseeresults.com,1
edsindiana.com,1
sciencedaily.com,1
homeparamount.com,1
themotleyfoolpc.s3.us-east-2.amazonaws.com,1
journalgazette.net,1
feedback.listen360.com,1
statecollege.com,1
music.apple.com,1
dell.com,1
ctausanovitch.com,1
surveyengine.pureprofile.com,1
questionnaires.tolunastart.com,1
rtr.tolunastart.com,1
racing.fanduel.com,1
acrossndown.com,1
az1.qualtrics.com,1
panel.aipsurveys.com,1
fineart.ha.com,1
ha.com,1
myollie.com,1
forms.armyemail.ollies.us,1
gleam.io,1
fluentu.com,1
shopping.yahoo.com,1
tomuel.com,1
premiumacservice.com,1
handyhq.typeform.com,1
webnavigator.co,1
rxmanagement.covetrus.com,1
fcva-my.sharepoint.com,1
advancedhomecare.snapworx.com,1
gift.ncponline.com,1
fisherinvestments.ls.seismic.com,1
angieslist.com,1
cascoplumbingva.com,1
quickenloans.srvys.io,1
auto.statefarm.com,1
newsweek.com,1
shopforcoins.com,1
pages.ebay.com,1
yourhealthygut.com,1
laughlinauctions.com,1
tp.roirocket.com,1
learning.scaledanalytics.com,1
m-panels.com,1
pattysmythandscandal.com,1
jdpower.com,1
mamrsurvey2020.qualtrics.com,1
qualtrics.com,1
nittanylionclub.com,1
monivation.com,1
orkin.com,1
yidio.com,1
dating.elitesingles.com,1
moes.com,1
wspa.com,1
adn.com,1
ktuu.com,1
newmilfordspectrum.com,1
peacocktv.com,1
ncdeerandelk.com,1
surveysandpromosonline.com,1
deepfatsolution.com,1
homescan.ca,1
custlogin.gm.com,1
guinnessworldrecords.com,1
familydriveintheatre.ticketleap.com,1
www2.hollywoodcasinocharlestown.com,1
reward.ebay.com,1
get.webgl.org,1
svt-mac.peanutlabs.com,1
survey.sip.xyzclient.com,1
peanutlabs.com,1
api.researchnow.com,1
braincharm.com,1
tix.axs.com,1
funtrivia.com,1
stanforduniversity.qualtrics.com,1
unhcr.org,1
mystateline.com,1
neohealthspace.com,1
eventbrite.com,1
mackintoshfruitfarm.com,1
rec.i-say.com,1
pinterest.com,1
diabetesliverproblems.com,1
liveintent.com,1
siena.qualtrics.com,1
surveysonthego.net,1
www.fhwa.dot.gov,1
paid.outbrain.com,1
newchic.com,1
tigernet.com,1
subscriber.pagesuite-professional.co.uk,1
go.newspapers.com,1
p.widencdn.net,1
stratasurveys.com,1
tesla.com,1
quiqtextingadapter.amrock.com,1
support.hp.com,1
ww25.rocketaccoumt.com,1
rc.spinviewglobal.com,1
dailybreak.com,1
image.messageinsite.com,1
mamasuncut.com,1
lccoins.com,1
getcopper.com,1
jbc.org,1
chevrolet.com,1
go.stop-republicans.org,1
perks.zendesk.com,1
secure.sonypictures.com,1
graberblinds.com,1
creditcards.chase.com,1
trends.newsmaxwidget.com,1
survey9s2.affinnova.com,1
minnesota.rivals.com,1
rutgers.rivals.com,1
purdue.forums.rivals.com,1
valleycoin.com,1
go.realeyesit.com,1
claimsvc.statefarm.com,1
bollandbranch.com,1
classadz.vdata.com,1
adora.com.au,1
ibm.com,1
nbcconnecticut.com,1
sentry.cloudresearch.com,1
ipsossurveys.com.au,1
wtxl.com,1
canada2020.com,1
sitejabber.com,1
uwm.com,1
directstartv.com,1
app.eyesee-rtm.com,1
act.democratic-strategy.org,1
wusa9.com,1
harpercollinsbookcluborders.com,1
si.com,1
accountsettings.ebay.com,1
my.ebay.com,1
kokomotribune.com,1
pensandpatron.com,1
pollrouting.com,1
bankrate.com,1
keeblerandassociates.com,1
find-today.info,1
newvaluedinterest.com,1
parade.com,1
project.tolunastart.com,1
qvc.com,1
usgamembership.shipment.co,1
aarp.org,1
offthestrip.com,1
search.walletgenius.com,1
topsearch.co,1
help.hbomax.com,1
barclaycardus.com,1
hyundaiusa.com,1
i100rocks.com,1
zeroaprcc.todaysnewinterest.com,1
metro.co.uk,1
purdueexponent.org,1
svec-online.coop,1
svec.coop,1
leidos.com,1
leidos.itsmycareer.com,1
forums.att.com,1
survey.co1.qualtrics.com,1
app.cooltool.com,1
woaltd.com,1
steelersdepot.com,1
mrsd.org,1
scripturetruthministries.com,1
chewy.com,1
get.steezy.co,1
mydomaine.com,1
the-sun.com,1
gateway.on24.com,1
fisherinvestments.com,1
www.elections.virginia.gov,1
thevapercommunity.insitessquare.com,1
redeemvoucher.com,1
idoc.davisvision.com,1
secure.mydentalapps.com,1
federaldental.metlife.com,1
mpsecurityfail.logitgroup.com,1
bet.com,1
aircharterexpress.com,1
heraldbulletin.com,1
identityguard.com,1
ainonline.com,1
gopher.com,1
avweb.com,1
api.adgem.com,1
www.warner.senate.gov,1
style.justfab.com,1
za.investing.com,1
4yourhealth.com,1
survey.quenchtec.net,1
steelers.com,1
aviationtoday.com,1
doc-00-74-apps-viewer.googleusercontent.com,1
ai525300.com,1
jjnfhbcilcppomkcmkbbmcadoihkkgah.,1
cdn.sentientprime.com,1
texas.rivals.com,1
sirved.com,1
jetpunk.com,1
sony.com,1
consumer.xtime.com,1
lifestyletipstoday.com,1
newsmaxtv.com,1
wavy.com,1
askriddles.com,1
investor.gov,1
paribus.co,1
alaskapublic.org,1
ca1.qualtrics.com,1
childrensplace.narvar.com,1
udiscovermusic.com,1
darkhorsewine.com,1
emea.opinionsresearch.com,1
dl-mail.aolmail.com,1
focusvision.com,1
energyover40.com,1
s.healthnwell.com,1
healthgrades.com,1
ehealthmedicareplans.com,1
samppoint.com,1
constitutionfacts.com,1
augusta.com,1
pa.sportsbook.fanduel.com,1
profit.ly,1
